feature,phase,family,cohens_d,abs_d,r_pb,r_cont_est,r_pearson,p_pearson,rho_spearman,p_spearman,p_ttest,view,target,q_fdr_pearson,q_fdr_ttest,sig_fdr_05
0-SHOULDER-ANGLE,0,SHOULDER-ANGLE,0.05039126514591837,0.05039126514591837,0.025282152601246517,0.031686627506972626,0.002236531659599558,0.9559305564038009,-0.03748764024984611,0.3541437786082119,0.6925655382295315,FACEON,Distance,0.9635780008550313,0.7861554758281168,0
0-STANCE-RATIO,0,STANCE-RATIO,-0.19224399947326662,0.19224399947326662,-0.09616214656278123,-0.12052194156345389,-0.0273842963468012,0.4985668765602911,-0.07633463784981177,0.05891113217992086,0.1320841261741319,FACEON,Distance,0.6640000031692949,0.22798082051973453,0
0-UPPER-TILT,0,UPPER-TILT,0.5377109439036987,0.5377109439036987,0.26055048458338514,0.3265531334285153,0.12847173423862732,0.0014349024737120406,0.17311451518550106,1.632930057188274e-05,3.408849429092927e-05,FACEON,Distance,0.0045199427921929275,0.00013855323485990607,1
1-HEAD-LOC,1,HEAD-LOC,0.03422929142707908,0.03422929142707908,0.017147160186348414,0.021490878810707943,-0.010991116567001403,0.7859449526655162,-0.22474295781463957,1.853651053651016e-08,0.7888160309866862,FACEON,Distance,0.8700637460628831,0.8786933117948973,0
1-HIP-ROTATION,1,HIP-ROTATION,-0.033736498509976516,0.033736498509976516,-0.016911929694855027,-0.021196059731027773,-0.009149828345601237,0.8211380658102853,-0.12547415266018547,0.001854706901327407,0.7915213562596892,FACEON,Distance,0.8880978222497505,0.8786933117948973,0
1-HIP-SHIFTED,1,HIP-SHIFTED,-0.379150720691856,0.379150720691856,-0.1867903492232605,-0.23410808055335322,-0.024830160050669535,0.5398082630340195,-0.010764443040932924,0.790423362867529,0.0032994477898074105,FACEON,Distance,0.7048273693501188,0.008845328117356038,0
1-LEFT-ARM-ANGLE,1,LEFT-ARM-ANGLE,0.6447644003233918,0.6447644003233918,0.30825865228738114,0.3863467341918525,0.21625991573980427,6.389833776464064e-08,0.3416663951647653,3.166668331013949e-18,9.210132040305988e-07,FACEON,Distance,5.552545212651531e-07,5.526079224183593e-06,1
1-RIGHT-ARM-ANGLE,1,RIGHT-ARM-ANGLE,0.028354914745906765,0.028354914745906765,0.014241659468262368,0.017849356649707507,-0.004285628407624937,0.9156687644900215,-0.045784417799919985,0.2576979942771788,0.8237816231108017,FACEON,Distance,0.9418307291897364,0.8994996252193854,0
1-SHOULDER-LOC,1,SHOULDER-LOC,0.502912273584493,0.502912273584493,0.245205855756172,0.30732140322146456,0.1711819413315197,2.0661907731133353e-05,0.08009201336098827,0.04764751298255426,0.00011956798639466853,FACEON,Distance,8.67800124707601e-05,0.00040174843428608626,1
2-HEAD-LOC,2,HEAD-LOC,0.026153532767233006,0.026153532767233006,0.013102789340202202,0.016421987940411706,-0.02710229430328852,0.5030014124036668,-0.192916969230563,1.494840604523796e-06,0.8378228255555106,FACEON,Distance,0.6640000031692949,0.8994996252193854,0
2-HIP-ROTATION,2,HIP-ROTATION,-0.6440501398881789,0.6440501398881789,-0.308116196062055,-0.3861681909554773,-0.2704207408868171,9.834901698516014e-12,-0.1736252041744094,1.5402045171293778e-05,1.1821567134387953e-06,FACEON,Distance,1.7702823057328826e-10,6.620077595257255e-06,1
2-HIP-SHIFTED,2,HIP-SHIFTED,-0.2668675974394756,0.2668675974394756,-0.13268596856620632,-0.16629797816946826,-0.02450706358531278,0.5454274737277807,0.004550437138504859,0.9106253118894087,0.037970108336385505,FACEON,Distance,0.708493419481447,0.08178177180144569,0
2-LEFT-ARM-ANGLE,2,LEFT-ARM-ANGLE,1.1884997622920892,1.1884997622920892,0.5123980907729803,0.6421987753055038,0.39259808453173983,5.475615039662082e-24,0.5316779563938648,5.9408011050398314e-46,1.0655576030299787e-16,FACEON,Distance,1.3798549899948447e-21,2.6852051596355464e-15,1
2-SHOULDER-LOC,2,SHOULDER-LOC,0.6255402418630336,0.6255402418630336,0.30012635676421495,0.3761543655639342,0.19264317833569994,1.609895547839628e-06,0.08943958272154463,0.02705595751354148,2.467085996316038e-06,FACEON,Distance,1.0142341951389658e-05,1.2952201480659199e-05,1
2-UPPER-TILT,2,UPPER-TILT,0.5238589479934892,0.5238589479934892,0.2543784307566969,0.31881757492430735,0.1514383032163035,0.00016754492440761734,0.14179810042758376,0.0004292767570704518,5.253345781047609e-05,FACEON,Distance,0.0006209017786870525,0.00019758852788417873,1
3-HEAD-LOC,3,HEAD-LOC,0.19025401850988763,0.19025401850988763,0.09489622201423617,0.11893533300783185,0.0612978485109431,0.1298358579472613,0.1330141455808946,0.0009719284970054736,0.1381841128885548,FACEON,Distance,0.24600478347902138,0.23688705066609397,0
3-HIP-ROTATION,3,HIP-ROTATION,-0.06056324955974014,0.06056324955974014,-0.030402228493879406,-0.03810372102650504,-0.044587463566909305,0.27036223920670555,0.022169077899555013,0.5838102797298867,0.6344480798478711,FACEON,Distance,0.41543466024445,0.7367784153072051,0
3-HIP-SHIFTED,3,HIP-SHIFTED,0.639317037410228,0.639317037410228,0.30554654412659726,0.3829475947908372,0.008314367929236583,0.8380210400600445,0.2491507966319621,4.840693316411496e-10,1.035704629649804e-06,FACEON,Distance,0.9017193717854628,6.069710852831409e-06,0
3-RIGHT-LEG-ANGLE,3,RIGHT-LEG-ANGLE,-0.607461007462689,0.607461007462689,-0.29150524537384376,-0.36534935423316084,-0.16787104997110058,2.9474431346076234e-05,-0.17032533755301466,2.240521774323444e-05,3.3967071181983647e-06,FACEON,Distance,0.00012176322457723297,1.711940387571976e-05,1
3-SHOULDER-LOC,3,SHOULDER-LOC,-0.04507495307936984,0.04507495307936984,-0.022623862629552863,-0.028354939518726537,0.011412613510247707,0.7784789508022704,0.012630088809825862,0.7555628567589024,0.7242381654443791,FACEON,Distance,0.8700637460628831,0.8147679361249266,0
4-HEAD-LOC,4,HEAD-LOC,0.5298085625464672,0.5298085625464672,0.2569917011684504,0.32209283899767355,0.05806370833321228,0.151040122868906,0.21343485486126543,9.543427783029618e-08,4.3823254890854446e-05,FACEON,Distance,0.27095160801229407,0.00016732515503780788,0
4-HIP-HANGING-BACK,4,HIP-HANGING-BACK,-0.02529119803243079,0.02529119803243079,-0.012672452076884114,-0.015882637641400462,-0.035021157741202444,0.38672113661591373,-0.3393540177706426,5.493048308777569e-18,0.8430591634531921,FACEON,Distance,0.5505860250124873,0.8994996252193854,0
4-HIP-ROTATION,4,HIP-ROTATION,-0.20301715637198753,0.20301715637198753,-0.10148570629225574,-0.1271940654454473,-0.04712164924374334,0.2440420101512617,-0.10774527878297177,0.007585590852488913,0.1118537982434969,FACEON,Distance,0.3843661659882372,0.19990891600965402,0
4-HIP-SHIFTED,4,HIP-SHIFTED,1.3614954000721715,1.3614954000721715,0.5645408146794526,0.7075502940500685,0.01584641735351706,0.6956184871420965,0.40878874912805296,4.716747160410852e-26,4.923177483448818e-22,FACEON,Distance,0.8131290753460553,3.101601814572756e-20,0
4-RIGHT-ARMPIT-ANGLE,4,RIGHT-ARMPIT-ANGLE,-0.27236092805689294,0.27236092805689294,-0.13545311990946574,-0.16976610429196293,-0.12118134891914803,0.002653473042011812,-0.13701055568023496,0.0006705363206159959,0.03335810065950025,FACEON,Distance,0.008056327790204538,0.07309775101038316,1
4-SHOULDER-HANGING-BACK,4,SHOULDER-HANGING-BACK,-0.0779910400161475,0.0779910400161475,-0.03909654853728998,-0.04900048622633118,-0.0010561887641409584,0.9791802581626002,-0.24319212335526544,1.0561379773095865e-09,0.5408958263194179,FACEON,Distance,0.9791802581626002,0.676461210556812,0
5-HEAD-LOC,5,HEAD-LOC,0.48174401037552367,0.48174401037552367,0.23494565501300377,0.2944620884224745,0.07348929588395896,0.07040472863966885,0.17129344032833108,2.2063091715467708e-05,0.00021095288448001704,FACEON,Distance,0.1442438342861508,0.0006815400883200551,0
5-HIP-HANGING-BACK,5,HIP-HANGING-BACK,-0.1182965749064005,0.1182965749064005,-0.059285739563618094,-0.07430400313045872,-0.07561014180035135,0.06200295973723926,-0.35207793596847564,3.0600140954556565e-19,0.3548898479417889,FACEON,Distance,0.13130038532591842,0.4913859433040154,0
5-HIP-SHIFTED,5,HIP-SHIFTED,1.1316813081310217,1.1316813081310217,0.49384025739737103,0.6189398715727417,0.010095005811504975,0.803656040992187,0.4188265348815528,2.8986056668638065e-27,2.208965131091371e-16,FACEON,Distance,0.8757606439049813,5.060538300318414e-15,0
5-LEFT-ARM-ANGLE,5,LEFT-ARM-ANGLE,-0.06326345474496589,0.06326345474496589,-0.03174509335665009,-0.03978676041677907,-0.05433103425193426,0.18020790803509307,-0.06393656428902408,0.11468236171753338,0.6202535662916078,FACEON,Distance,0.31104378647153047,0.7303920500256316,0
5-RIGHT-ARM-ANGLE,5,RIGHT-ARM-ANGLE,0.25703215855401473,0.25703215855401473,0.12798055793199342,0.16040059291176276,0.0876187467873022,0.03048373691575254,0.15502291681185804,0.00012094952740300238,0.04493902167611719,FACEON,Distance,0.07247077078084567,0.09437194551984611,0
5-SHOULDER-ANGLE,5,SHOULDER-ANGLE,-0.39326960267985944,0.39326960267985944,-0.19369971249140647,-0.242767723726985,-0.11414255430941186,0.004798824444939511,-0.18208733131007154,6.1210630461800704e-06,0.002301138288353176,FACEON,Distance,0.013742088183235872,0.006303117920271742,1
5-SHOULDER-HANGING-BACK,5,SHOULDER-HANGING-BACK,-0.0707549009734075,0.0707549009734075,-0.03549975400231933,-0.0444925516985129,-0.058126608239555594,0.1516038759116407,-0.3053685930225873,1.2431988970088989e-14,0.5798524201022215,FACEON,Distance,0.27095160801229407,0.6958229041226658,0
6-HEAD-LOC,6,HEAD-LOC,-0.058423587203411065,0.058423587203411065,-0.02936480244931472,-0.03680349421597102,-0.03891518146148031,0.3437375765853454,0.00869734603334614,0.8324735555679672,0.6521872275252893,FACEON,Distance,0.5007044468179598,0.7470508242562406,0
6-HIP-SHIFTED,6,HIP-SHIFTED,0.5424839044502258,0.5424839044502258,0.264066059389591,0.33095927364584987,0.17876432102746725,1.1703398131041713e-05,0.37788927321725546,1.337280064058754e-21,4.120264286724861e-05,FACEON,Distance,5.7828555471029636e-05,0.00016220252517065514,1
6-LEFT-ARM-ANGLE,6,LEFT-ARM-ANGLE,0.6070983010808149,0.6070983010808149,0.29003748842918786,0.3635097850987751,0.25303889875033686,3.944751977197775e-10,0.3251585069199347,4.290673236002426e-16,6.143245049813654e-06,FACEON,Distance,5.522652768076885e-09,2.814723186460074e-05,1
6-RIGHT-LEG-ANGLE,6,RIGHT-LEG-ANGLE,-0.6684440525834074,0.6684440525834074,-0.3187613300070959,-0.39950995023517205,-0.17995394446515153,1.0034840249433668e-05,-0.17962039309639194,1.04281658735869e-05,5.140709110644005e-07,FACEON,Distance,5.160774985423029e-05,3.4091018312691816e-06,1
6-WEIGHT-SHIFT,6,WEIGHT-SHIFT,-0.026018159388815205,0.026018159388815205,-0.013151136577992663,-0.016482582500496033,0.017170357567684272,0.6759616622352498,0.22786202471471675,1.9033102442209057e-08,0.8400980364457366,FACEON,Distance,0.8073096629539476,0.8994996252193854,0
7-FINISH-ANGLE,7,FINISH-ANGLE,0.7087273445557112,0.7087273445557112,0.33040677280016906,0.41410541660063,0.21196257516945355,3.2631851661433377e-07,0.22800917417248437,3.705081906420892e-08,3.845968967124175e-07,FACEON,Distance,2.2842296163003367e-06,2.769097656329406e-06,1
7-HIP-SHIFTED,7,HIP-SHIFTED,0.22145170994938584,0.22145170994938584,0.11064134107297667,0.13866900563199944,0.04703501295834795,0.26266569316050836,0.12040462121915364,0.004024273608981564,0.09486522936248089,FACEON,Distance,0.4085910782496797,0.1814930037767104,0
0-SHOULDER-ANGLE,0,SHOULDER-ANGLE,-0.006258195910670716,0.006258195910670716,-0.0031397795727473757,-0.003935148240669272,-0.006657581411770277,0.8693380525224932,-0.042685592162532274,0.2913478181160105,0.9606875264017373,FACEON,BallSpeed,0.916624222743382,0.9722620749126016,0
0-STANCE-RATIO,0,STANCE-RATIO,-0.49371900053863915,0.49371900053863915,-0.24079271068394445,-0.3017902976497098,-0.1410713075588828,0.00045976215418477834,-0.18645975764613426,3.352891574929032e-06,0.0001313034937711859,FACEON,BallSpeed,0.0015871241486926594,0.00043537474250445845,1
0-UPPER-TILT,0,UPPER-TILT,0.7613202702878492,0.7613202702878492,0.35682439808374894,0.4472151212572126,0.20583915565691063,2.731506759002679e-07,0.24148248961148286,1.3913314370519235e-09,7.630927780354097e-09,FACEON,BallSpeed,2.0245285390255153e-06,8.012474169371802e-08,1
1-HEAD-LOC,1,HEAD-LOC,0.023738667930029423,0.023738667930029423,0.011892568161920209,0.014905192417208305,-0.01616908343908438,0.6894977716988852,-0.20754056664883397,2.1656119170183e-07,0.8520307073315131,FACEON,BallSpeed,0.8131290753460553,0.8994996252193854,0
1-HIP-ROTATION,1,HIP-ROTATION,-0.06640155422686812,0.06640155422686812,-0.0332702882695916,-0.041698314584575125,-0.019623041994045666,0.627748172426116,-0.13567372858096438,0.0007575625523730075,0.6015482800795462,FACEON,BallSpeed,0.7696066486914187,0.7184368084362353,0
1-HIP-SHIFTED,1,HIP-SHIFTED,-0.5394816579430796,0.5394816579430796,-0.2610145226886323,-0.3271346971814774,-0.027107468353624424,0.5032698436719656,-0.06528174667485602,0.10665744172140823,3.3405613837985226e-05,FACEON,BallSpeed,0.6640000031692949,0.0001380035194618406,0
1-LEFT-ARM-ANGLE,1,LEFT-ARM-ANGLE,0.608583503702977,0.608583503702977,0.29230469256377545,0.366351289964986,0.18500161238567486,4.008610369174298e-06,0.3347985213917411,1.604065656818942e-17,2.767439587933595e-06,FACEON,BallSpeed,2.2448218067376066e-05,1.4232546452229919e-05,1
1-RIGHT-ARM-ANGLE,1,RIGHT-ARM-ANGLE,-0.11130872075285389,0.11130872075285389,-0.05578219990111875,-0.06991294156661831,-0.03409862932998507,0.3993602589641192,-0.04328915939431893,0.2845728086394896,0.3807755733752707,FACEON,BallSpeed,0.5622278506087042,0.5214969809270011,0
1-SHOULDER-LOC,1,SHOULDER-LOC,0.4234389805098771,0.4234389805098771,0.20825405272450462,0.2610089498970753,0.08512256416899028,0.03526231905408012,0.058251398820093725,0.15005526694495686,0.0010364348775391973,FACEON,BallSpeed,0.08078276728752902,0.0030369952225567176,0
2-HEAD-LOC,2,HEAD-LOC,0.02298535728435922,0.02298535728435922,0.011515533627160603,0.014432647529341364,-0.027135314829535226,0.5024810858330346,-0.16426391646865576,4.379815928477676e-05,0.8566663097327479,FACEON,BallSpeed,0.6640000031692949,0.8994996252193854,0
2-HIP-ROTATION,2,HIP-ROTATION,-0.7207169356209849,0.7207169356209849,-0.34073405726326206,-0.4270487768038969,-0.32366600266830114,2.043362056975695e-16,-0.19126713201301032,1.8423299421550137e-06,6.536647746441366e-08,FACEON,BallSpeed,5.721413759531947e-15,5.680121490011119e-07,1
2-HIP-SHIFTED,2,HIP-SHIFTED,-0.400388480451595,0.400388480451595,-0.19678394748018038,-0.24663323866426462,-0.027234894386987694,0.5016158518270728,-0.04886871848600669,0.2277386976139989,0.0019013907598590697,FACEON,BallSpeed,0.6640000031692949,0.005323894127605395,0
2-LEFT-ARM-ANGLE,2,LEFT-ARM-ANGLE,1.1487553566528719,1.1487553566528719,0.49958254317093165,0.6261367463155828,0.34979119317308527,4.707250251463328e-19,0.5027312370942009,1.6398275449528715e-40,3.794405276340345e-16,FACEON,BallSpeed,2.3724541267375175e-17,7.968251080314725e-15,1
2-SHOULDER-LOC,2,SHOULDER-LOC,0.5989689098553054,0.5989689098553054,0.2884197670916387,0.361482235535336,0.1372495664630175,0.000669544726479729,0.06394372403951458,0.11434363341457936,5.301410729378875e-06,FACEON,BallSpeed,0.002163144500934509,2.520670761893352e-05,1
2-UPPER-TILT,2,UPPER-TILT,0.5287601786254702,0.5287601786254702,0.2566068237535358,0.32161044036408953,0.17458094565208077,1.3799623907318991e-05,0.15629726198185187,0.00010201627228057419,4.183795292100232e-05,FACEON,BallSpeed,6.439824490082196e-05,0.00016220252517065514,1
3-HEAD-LOC,3,HEAD-LOC,0.21219137311285372,0.21219137311285372,0.10571957731155344,0.1325004507554746,0.07470709348539098,0.06475371378893957,0.19353083022947987,1.4100707037080139e-06,0.09722839488038057,FACEON,BallSpeed,0.1359827989567731,0.1814930037767104,0
3-HIP-ROTATION,3,HIP-ROTATION,-0.2402009510707625,0.2402009510707625,-0.1198410048773996,-0.15019911703250027,-0.08183425184826498,0.04282800375094326,0.0024042274916823317,0.9526299562882711,0.05928613807568272,FACEON,BallSpeed,0.09607199374204564,0.11962598852580628,0
3-HIP-SHIFTED,3,HIP-SHIFTED,0.6363420177628316,0.6363420177628316,0.30392683962353656,0.38091755823171,0.00997507268865756,0.8062558308966495,0.2309341499578453,8.62002991266387e-09,1.1682361864060941e-06,FACEON,BallSpeed,0.8757606439049813,6.620077595257255e-06,0
3-RIGHT-LEG-ANGLE,3,RIGHT-LEG-ANGLE,-0.5886452449293189,0.5886452449293189,-0.283204157442957,-0.35494540813790554,-0.17366460750886847,1.533262115922343e-05,-0.18777912845018982,2.849090518113871e-06,6.0000917634862895e-06,FACEON,BallSpeed,7.025128240226008e-05,2.8000428229602684e-05,1
3-SHOULDER-LOC,3,SHOULDER-LOC,-0.07553588012109091,0.07553588012109091,-0.037893921274883856,-0.047493205870639335,-0.0067700848824006656,0.8674741406548627,-0.0008143654635515043,0.9839858631945908,0.5529157684170944,FACEON,BallSpeed,0.916624222743382,0.676461210556812,0
4-HEAD-LOC,4,HEAD-LOC,0.6922143346684486,0.6922143346684486,0.3281016759474186,0.4112163618337571,0.09302505364710356,0.021251408864040186,0.25820294410998473,8.576485733995782e-11,1.231217720150091e-07,FACEON,BallSpeed,0.05379191257668531,1.0342228849260764e-06,0
4-HIP-HANGING-BACK,4,HIP-HANGING-BACK,-0.06510628109498769,0.06510628109498769,-0.03260666724121768,-0.04086658513931609,-0.04757915786142615,0.2394884181536965,-0.3716585217772388,1.628298800917654e-21,0.6089943665276212,FACEON,BallSpeed,0.38055586541743974,0.723898963985663,0
4-HIP-ROTATION,4,HIP-ROTATION,-0.23347762332349858,0.23347762332349858,-0.11652601665541774,-0.1460443763039476,-0.06473178037607347,0.10935656386573861,-0.10982152897121794,0.006493915467325469,0.06667443902073261,FACEON,BallSpeed,0.2121250494027326,0.1322988868757844,0
4-HIP-SHIFTED,4,HIP-SHIFTED,1.6420782129693072,1.6420782129693072,0.6360300214624699,0.7971490870554362,0.023960542164631733,0.5541022695755231,0.42769557897897215,1.3030963104980817e-28,1.6698513361686355e-29,FACEON,BallSpeed,0.7160706252975991,4.208025367144961e-27,0
4-RIGHT-ARMPIT-ANGLE,4,RIGHT-ARMPIT-ANGLE,-0.18450715427549153,0.18450715427549153,-0.09222999642504696,-0.11559369049954597,-0.07567511343038526,0.061138948138883493,-0.09398292700629038,0.019948679076559936,0.1467420406972806,FACEON,BallSpeed,0.13095306521621378,0.24652662837143144,0
4-SHOULDER-HANGING-BACK,4,SHOULDER-HANGING-BACK,-0.17223411437459007,0.17223411437459007,-0.08606732894502393,-0.10786989666945165,-0.023412733990199677,0.5628805534343769,-0.29083312895028296,2.0521358184262969e-13,0.17604884626679418,FACEON,BallSpeed,0.7184577000987069,0.2880799302547541,0
5-HEAD-LOC,5,HEAD-LOC,0.6233471057486055,0.6233471057486055,0.29828706262444327,0.3738491134503048,0.10901561788350392,0.007180863778662387,0.21256048792927748,1.2456503751107576e-07,2.0355958790869124e-06,FACEON,BallSpeed,0.019669322524162192,1.091425875595536e-05,1
5-HIP-HANGING-BACK,5,HIP-HANGING-BACK,-0.06073674842694408,0.06073674842694408,-0.030477408311391098,-0.0381979425363882,-0.05328184126717951,0.1887792960149957,-0.3612226638048023,3.0770085451556996e-20,0.63329947132371,FACEON,BallSpeed,0.3192777355421404,0.7367784153072051,0
5-HIP-SHIFTED,5,HIP-SHIFTED,1.2186425391813793,1.2186425391813793,0.5216621437686251,0.6538095492731058,0.018340232036041234,0.6514800657607044,0.43914811889019667,4.2175573521142956e-30,1.9396905560575697e-18,FACEON,BallSpeed,0.7861883183649736,6.110025251581344e-17,0
5-LEFT-ARM-ANGLE,5,LEFT-ARM-ANGLE,-0.1610376555844572,0.1610376555844572,-0.08058256296158502,-0.10099573027969888,-0.07580855424687896,0.06131929244251281,-0.09321711102071,0.021302147404587,0.20599751298227487,FACEON,BallSpeed,0.13095306521621378,0.32855299538945104,0
5-RIGHT-ARM-ANGLE,5,RIGHT-ARM-ANGLE,0.27564679026208233,0.27564679026208233,0.13707625662034367,0.17180040113614564,0.10613458233363016,0.008706533839814191,0.16827214086736064,2.9497221033827853e-05,0.031061104385808665,FACEON,BallSpeed,0.02359189814659329,0.06866138864231389,1
5-SHOULDER-ANGLE,5,SHOULDER-ANGLE,-0.5004480777017025,0.5004480777017025,-0.24366656750199345,-0.30539215960831384,-0.13368407135271276,0.0009425940958278181,-0.2028207477025872,4.477113823985382e-07,0.0001076699558556686,FACEON,BallSpeed,0.0030067558499824072,0.00037168258733737657,1
5-SHOULDER-HANGING-BACK,5,SHOULDER-HANGING-BACK,-0.12406406967865644,0.12406406967865644,-0.062163230243095405,-0.07791041391844798,-0.0903422848276542,0.025662753984028515,-0.35117925615925005,3.8196050297469557e-19,0.3303528392989309,FACEON,BallSpeed,0.06278654372791442,0.467690536535565,0
6-HEAD-LOC,6,HEAD-LOC,-0.020592883629298057,0.020592883629298057,-0.01034706211493127,-0.012968178922840436,-0.01601066956638257,0.6969677788680474,0.03055407729624273,0.4573167453292768,0.8727768829517966,FACEON,BallSpeed,0.8131290753460553,0.9088420434043502,0
6-HIP-SHIFTED,6,HIP-SHIFTED,0.5872421200669349,0.5872421200669349,0.28374245929545105,0.35562007256536327,0.1885982518941646,3.6840391272077284e-06,0.38506343188896747,1.971311748579073e-22,8.82554688324726e-06,FACEON,BallSpeed,2.1099496819462444e-05,3.901820727330367e-05,1
6-LEFT-ARM-ANGLE,6,LEFT-ARM-ANGLE,0.6933923368539487,0.6933923368539487,0.32748929347930755,0.41044885069605797,0.23130898102018854,1.1762315468249214e-08,0.3240337380953583,5.481597631514723e-16,2.30829625090082e-07,FACEON,BallSpeed,1.1856413991995207e-07,1.8177832975843958e-06,1
6-RIGHT-LEG-ANGLE,6,RIGHT-LEG-ANGLE,-0.4820496687012308,0.4820496687012308,-0.23530154794031022,-0.2949081140730669,-0.14892624924082806,0.0002669651379073985,-0.15012757743018978,0.00023770680023358124,0.00022122947667277835,FACEON,BallSpeed,0.0009610744964666345,0.0007056940268549386,1
6-WEIGHT-SHIFT,6,WEIGHT-SHIFT,-0.0008484756531105624,0.0008484756531105624,-0.0004279955540486932,-0.0005364153477994798,0.002596466510345452,0.9496060125285943,0.2509101449050503,5.398860929680657e-10,0.9947168611227021,FACEON,BallSpeed,0.9635780008550313,0.997953704261368,0
7-FINISH-ANGLE,7,FINISH-ANGLE,0.864851559564995,0.864851559564995,0.39456118445065674,0.4945113868196734,0.2782480973364585,1.3563500043443867e-11,0.30494467030275174,9.882666551315596e-14,5.486814583145675e-10,FACEON,BallSpeed,2.2786680072985697e-10,7.681540416403946e-09,1
7-HIP-SHIFTED,7,HIP-SHIFTED,0.32490552145142265,0.32490552145142265,0.1607747025767785,0.20150213520738766,0.06451499588613584,0.12425898851859225,0.13466753051693806,0.0012821904210752236,0.013613945969175282,FACEON,BallSpeed,0.23722170535367612,0.03267347032602068,0
0-SHOULDER-ANGLE,0,SHOULDER-ANGLE,0.6356341894537009,0.6356341894537009,0.30384296259533217,0.3808723167620428,0.21854558666189736,4.600425062268352e-08,0.2413521706150448,1.4207524355215147e-09,8.853344819827958e-07,FACEON,AbsDir,4.1403825560415164e-07,5.441568035601574e-06,1
0-STANCE-RATIO,0,STANCE-RATIO,-0.12146044158449029,0.12146044158449029,-0.06074644759853369,-0.07614670431821613,-0.06471848003392683,0.10942958897760016,-0.008773945240565916,0.8283693052412792,0.3368777646840171,FACEON,AbsDir,0.2121250494027326,0.4742636687171637,0
0-UPPER-TILT,0,UPPER-TILT,-0.026754943075896712,0.026754943075896712,-0.013400689377839529,-0.016797991850625308,-0.013958150074502879,0.7301703064612934,-0.03159036297905958,0.43495595428518985,0.8323629906667978,FACEON,AbsDir,0.836376896492027,0.8994996252193854,0
1-HEAD-LOC,1,HEAD-LOC,0.09774664081185498,0.09774664081185498,0.04846433670836623,0.060750869609690734,-0.006420590429376031,0.8739497351975729,-0.049683193227776694,0.21931709925288287,0.4443525007334458,FACEON,AbsDir,0.9167537595219786,0.5924700009779278,0
1-HIP-ROTATION,1,HIP-ROTATION,0.07906819635040717,0.07906819635040717,0.040023607002075856,0.05017027149105456,0.029571853918544964,0.46488290712603086,0.1381367415569931,0.0006045179366754082,0.5274179903349612,FACEON,AbsDir,0.636687459759564,0.6712592604263142,0
1-HIP-SHIFTED,1,HIP-SHIFTED,0.07645590790796927,0.07645590790796927,0.03789483117620089,0.047501814819415705,0.02233778893007754,0.5812598199049899,-0.2649709015843876,2.7189835602013752e-11,0.5498816186316333,FACEON,AbsDir,0.7287436548062559,0.676461210556812,0
1-LEFT-ARM-ANGLE,1,LEFT-ARM-ANGLE,-0.5069533215333452,0.5069533215333452,-0.24637654975959514,-0.30883719175603286,-0.1538084929278536,0.00013177424673884689,-0.22614321281164323,1.5039391570490572e-08,7.752925555953596e-05,FACEON,AbsDir,0.0005108786181259909,0.0002751742591690572,1
1-RIGHT-ARM-ANGLE,1,RIGHT-ARM-ANGLE,0.30041614794839283,0.30041614794839283,0.1488752976673227,0.18661771543713562,0.11963829927356182,0.003009936661150375,0.13788852616233319,0.0006185276836236203,0.018062246708072903,FACEON,AbsDir,0.008923576924822287,0.041091839446709445,1
1-SHOULDER-LOC,1,SHOULDER-LOC,0.25883856072152095,0.25883856072152095,0.12847716183768243,0.1610483055528296,0.08117885114470968,0.04470045987306961,0.2622384095937249,4.403398467327857e-11,0.041645303116495905,FACEON,AbsDir,0.09881154287731177,0.0884897504844061,0
2-HEAD-LOC,2,HEAD-LOC,0.21195474701705208,0.21195474701705208,0.10509508087214618,0.1317384697350351,0.014507973492715426,0.7199794463678316,0.05328922507161754,0.18763001108782212,0.09641889442706533,FACEON,AbsDir,0.8361051635239335,0.1814930037767104,0
2-HIP-ROTATION,2,HIP-ROTATION,0.06046162399304749,0.06046162399304749,0.030312705515385185,0.03799749146188609,0.03356234926596511,0.40682019281613435,0.08794611465748134,0.02946421348135242,0.6320012878809027,FACEON,AbsDir,0.5695482699425881,0.7367784153072051,0
2-HIP-SHIFTED,2,HIP-SHIFTED,0.07977903054325994,0.07977903054325994,0.03954606100938552,0.049571659474364094,0.018992242990029985,0.6393991489446514,-0.27703609347235697,3.152284200198895e-12,0.5326173051407584,FACEON,AbsDir,0.7783989639326191,0.6744701552536237,0
2-LEFT-ARM-ANGLE,2,LEFT-ARM-ANGLE,-0.44195973426805296,0.44195973426805296,-0.21696322813060767,-0.2719670932788149,-0.2024115651009029,4.4295004916396234e-07,-0.2736923664920919,5.622700765076639e-12,0.0005248129517152807,FACEON,AbsDir,3.016848983495095e-06,0.0015559160450853027,1
2-SHOULDER-LOC,2,SHOULDER-LOC,0.353313485813409,0.353313485813409,0.17444843410397162,0.21867407652018123,0.12309124469875378,0.002303789595393317,0.24716417030034762,5.890265518902301e-10,0.005591115082899014,FACEON,AbsDir,0.007079938756574584,0.014525371143201562,1
2-UPPER-TILT,2,UPPER-TILT,-0.20696860058726535,0.20696860058726535,-0.10344475076522923,-0.12966975290225213,-0.07248778991300499,0.07290738476886152,-0.05608727779365392,0.1654682015214079,0.10134954238294351,FACEON,AbsDir,0.1481666206592992,0.18779474029780707,0
3-HEAD-LOC,3,HEAD-LOC,0.14243469192964367,0.14243469192964367,0.07073876107935854,0.08867223906401518,0.005325830681736435,0.8953913757658658,0.0276698801421687,0.4944511392716222,0.26378144891883676,FACEON,AbsDir,0.9250003257351673,0.3956721733782551,0
3-HIP-ROTATION,3,HIP-ROTATION,-0.08740982337659034,0.08740982337659034,-0.04390751115939266,-0.055038811350735704,-0.01412793799196338,0.7270181504297142,-0.01322377884510855,0.7438559106221567,0.4877657153297785,FACEON,AbsDir,0.836376896492027,0.6401925013703343,0
3-HIP-SHIFTED,3,HIP-SHIFTED,0.05038136126236897,0.05038136126236897,0.024774128088333885,0.031054790541027603,0.0038543251560601254,0.9245014490844714,-0.3448149090516878,2.18107098942676e-18,0.6982032331159196,FACEON,AbsDir,0.9470502649157999,0.7890009629830123,0
3-RIGHT-LEG-ANGLE,3,RIGHT-LEG-ANGLE,-0.2239745329854979,0.2239745329854979,-0.1117977273248369,-0.14014035096034813,-0.0534856027338583,0.18600664292535432,-0.09102709141864762,0.024208401128826017,0.07648382887506744,FACEON,AbsDir,0.3188685307291788,0.150577538097789,0
3-SHOULDER-LOC,3,SHOULDER-LOC,0.18308763538934822,0.18308763538934822,0.09064239068792564,0.11362177699715077,0.15286175323891277,0.00015067240079585811,0.24123572585862055,1.587487579731041e-09,0.1528473912729689,FACEON,AbsDir,0.0005667081343366604,0.25340488553150103,1
4-HEAD-LOC,4,HEAD-LOC,0.012765421950669148,0.012765421950669148,0.0063671604438936425,0.007981343812432483,-0.010562258754022221,0.7941057999780282,-0.07790770412508921,0.053867801913547446,0.9199137640476225,FACEON,AbsDir,0.8700637460628831,0.9461970144489832,0
4-HIP-HANGING-BACK,4,HIP-HANGING-BACK,0.18339580522161938,0.18339580522161938,0.09240858339163673,0.11583572956384745,0.042957545950343505,0.2882818760742345,0.253444273940337,1.935023243549641e-10,0.14406745299665902,FACEON,AbsDir,0.42916684172842806,0.2453040415889059,0
4-HIP-ROTATION,4,HIP-ROTATION,-0.07647674595195621,0.07647674595195621,-0.03845201626845336,-0.0482002558007002,-0.013617150904003332,0.7365147498672693,0.12998039363272332,0.0012584635189546035,0.5434712212851427,FACEON,AbsDir,0.839826773604307,0.676461210556812,0
4-HIP-SHIFTED,4,HIP-SHIFTED,0.07683551410733079,0.07683551410733079,0.03808977349258837,0.04774617832562712,0.01623685095894119,0.6885064546286678,-0.3001685199803486,3.294129124196125e-14,0.547814204013098,FACEON,AbsDir,0.8131290753460553,0.676461210556812,0
4-RIGHT-ARMPIT-ANGLE,4,RIGHT-ARMPIT-ANGLE,0.26308333423256824,0.26308333423256824,0.13086741558815707,0.16404452924620144,0.07755776591008803,0.054957469171079604,0.06952524759496512,0.08544471288411845,0.03789229963440687,FACEON,AbsDir,0.11939036406131086,0.08178177180144569,0
4-SHOULDER-HANGING-BACK,4,SHOULDER-HANGING-BACK,0.06296728706834409,0.06296728706834409,0.031908664312337784,0.039998052933706854,0.058921218307347104,0.14508618473365528,0.2504355898474498,3.2092728842500445e-10,0.6144579009632805,FACEON,AbsDir,0.2688361658300083,0.7269642771959938,0
5-HEAD-LOC,5,HEAD-LOC,0.0076588718418178076,0.0076588718418178076,0.003819277931953666,0.004787529788006628,-0.008165143494969274,0.8408890967046975,-0.03640396618154695,0.3706021378422042,0.9522971934139712,FACEON,AbsDir,0.9017193717854628,0.9676568255658096,0
5-HIP-HANGING-BACK,5,HIP-HANGING-BACK,0.23883144527832698,0.23883144527832698,0.11906815499302889,0.149253955587496,0.010970882715073965,0.7868424005896497,0.1131749618688764,0.0051344047623899085,0.06064302379981925,FACEON,AbsDir,0.8700637460628831,0.1212860475996385,0
5-HIP-SHIFTED,5,HIP-SHIFTED,0.10482833109737584,0.10482833109737584,0.05203189945487315,0.06522287013538901,0.03731007154087128,0.35801002011892485,-0.127727279589004,0.0015857555086736881,0.4144564639580893,FACEON,AbsDir,0.5155344289712518,0.5585188712162488,0
5-LEFT-ARM-ANGLE,5,LEFT-ARM-ANGLE,0.13694030182600112,0.13694030182600112,0.06879110255307701,0.08623081600511037,-0.012548722487997974,0.7570879624280593,0.00905760866672281,0.823339255467508,0.2796360700559139,FACEON,AbsDir,0.8555433476765514,0.4145193509064135,0
5-RIGHT-ARM-ANGLE,5,RIGHT-ARM-ANGLE,-0.02997350826912359,0.02997350826912359,-0.015061213199333866,-0.018879486677850985,-0.007474555830380772,0.8538315882140162,-0.021663941207398497,0.5933241799565359,0.8130619673802889,FACEON,AbsDir,0.9117184755505596,0.8967827093293469,0
5-SHOULDER-ANGLE,5,SHOULDER-ANGLE,0.5507345750452686,0.5507345750452686,0.2665288399626124,0.3340984299697565,0.20900519270403414,1.9419721820273927e-07,0.26249056447736746,4.7000246638051174e-11,2.0266151047983256e-05,FACEON,AbsDir,1.5293030933465718e-06,8.656050956087764e-05,1
5-SHOULDER-HANGING-BACK,5,SHOULDER-HANGING-BACK,0.81297097077442,0.81297097077442,0.3770503363378422,0.4726390037480092,0.12363740344215099,0.002220030656457003,0.28682921964433994,5.125917559553943e-13,8.713155398215402e-10,FACEON,AbsDir,0.006906762042310675,1.0978575801751405e-08,1
6-HEAD-LOC,6,HEAD-LOC,0.15381005846887813,0.15381005846887813,0.07734192341297329,0.0969494152555507,0.053326914291302666,0.1943300796883225,0.0418711344715939,0.30830487642561527,0.23558978468411085,FACEON,AbsDir,0.32217881632537676,0.35980985297209656,0
6-HIP-SHIFTED,6,HIP-SHIFTED,-0.08570442288490712,0.08570442288490712,-0.04366244713634077,-0.05473161943351131,-0.029429983009590696,0.47404374727559584,-0.0945567131244063,0.02117447626518878,0.5028405644825755,FACEON,AbsDir,0.6457244557483792,0.6498247294851746,0
6-LEFT-ARM-ANGLE,6,LEFT-ARM-ANGLE,-0.14247964578209132,0.14247964578209132,-0.07079501882676284,-0.08874275910636424,-0.07310073854745952,0.07503519868645048,-0.019015929233672013,0.6437055924772903,0.27683677753713093,FACEON,AbsDir,0.15127096055188416,0.4127980351441242,0
6-RIGHT-LEG-ANGLE,6,RIGHT-LEG-ANGLE,-0.10557340659091514,0.10557340659091514,-0.053435733972962494,-0.06698260055892138,-0.013459415681643463,0.7431877440527959,-0.07974214903167914,0.05188019678991751,0.4119556732145594,FACEON,AbsDir,0.8436185202761466,0.5581334927423063,0
6-WEIGHT-SHIFT,6,WEIGHT-SHIFT,0.05632911146504195,0.05632911146504195,0.028429886563610514,0.03563734591143286,0.011952349061041,0.7710922886027386,-0.009973502578583435,0.8081802239076405,0.6625770874838723,FACEON,AbsDir,0.8674788246780809,0.7555177649137368,0
7-FINISH-ANGLE,7,FINISH-ANGLE,-0.18311119058421604,0.18311119058421604,-0.09164194711839412,-0.1148747379680256,-0.04275884634087894,0.3081656502062485,-0.06856727580396643,0.10197512104294065,0.1726754630287265,FACEON,AbsDir,0.4541388529355241,0.2844066449884907,0
7-HIP-SHIFTED,7,HIP-SHIFTED,-0.37576556519425147,0.37576556519425147,-0.18729490121723524,-0.23477734134436146,-0.09115945825715763,0.02968718312714296,-0.1720017179485508,3.7132004336100275e-05,0.005021808450739476,FACEON,AbsDir,0.0719343283465387,0.013182247183191125,0
0-SHOULDER-ANGLE,0,SHOULDER-ANGLE,0.2538161215649976,0.2538161215649976,0.12640498567273079,0.15842515557079676,0.054692081438150394,0.17625992012375402,0.13407077070614398,0.0008756731502673752,0.04766620008605129,FACEON,AbsSpin,0.3063275853185242,0.09845805263676168,0
0-STANCE-RATIO,0,STANCE-RATIO,0.14334215434848846,0.14334215434848846,0.0717785864726047,0.08996111718263859,-0.0062774757105550985,0.8767367303364954,0.1267983242406884,0.001657030223001848,0.2623435955596099,FACEON,AbsSpin,0.9167537595219786,0.3956721733782551,0
0-UPPER-TILT,0,UPPER-TILT,0.15761132158296762,0.15761132158296762,0.0788814134277867,0.0988631906204738,0.10206666784444213,0.011455097538769743,-0.0032439057608499703,0.9361166717639086,0.21770257676399737,FACEON,AbsSpin,0.0303861534712629,0.33657085487440086,1
1-HEAD-LOC,1,HEAD-LOC,0.16828341082889936,0.16828341082889936,0.08418592536039621,0.10551141041717206,0.02137721431154009,0.5973223310400367,0.09569283527258578,0.017795396836723442,0.1891595442872026,FACEON,AbsSpin,0.7451743931786596,0.3055654176947119,0
1-HIP-ROTATION,1,HIP-ROTATION,-0.029898648675448142,0.029898648675448142,-0.015008776274350894,-0.018810711488449438,-0.002575386582261722,0.9492620280917979,0.06190688732507613,0.1257489085948514,0.8149334937953192,FACEON,AbsSpin,0.9635780008550313,0.8967827093293469,0
1-HIP-SHIFTED,1,HIP-SHIFTED,0.09112679874752858,0.09112679874752858,0.04570195051944672,0.05727890068891604,0.053369094462791145,0.18732994302279984,-0.20635997549523633,2.6026326031183184e-07,0.47619553983177365,FACEON,AbsSpin,0.3189672002820646,0.6311153041485071,0
1-LEFT-ARM-ANGLE,1,LEFT-ARM-ANGLE,-0.39580083674089284,0.39580083674089284,-0.19489922612089924,-0.24426995544917343,-0.17227627505708526,1.7967318930604344e-05,-0.21510565157834496,7.532809812169113e-08,0.0021520446745842236,FACEON,AbsSpin,7.806490293986715e-05,0.005959508329617851,1
1-RIGHT-ARM-ANGLE,1,RIGHT-ARM-ANGLE,-0.3139278904930636,0.3139278904930636,-0.15568421862184811,-0.1951212321556793,-0.10356692184310143,0.0102918624203449,-0.05613468603694327,0.16511041694012724,0.01465367165492233,FACEON,AbsSpin,0.027590950318371436,0.03483703072679648,1
1-SHOULDER-LOC,1,SHOULDER-LOC,-0.34629853469500393,0.34629853469500393,-0.17128800800593905,-0.21467768198645398,-0.20576848296532743,2.820326072237725e-07,0.06896029786259114,0.08828297451979562,0.007418192902505477,FACEON,AbsSpin,2.0306347720111622e-06,0.018508758529023568,1
2-HEAD-LOC,2,HEAD-LOC,0.1523569072927073,0.1523569072927073,0.07626723937982242,0.09558680932875688,0.027657269722933732,0.49429414972583874,0.03492194128660999,0.3880686517482558,0.2341853608170037,FACEON,AbsSpin,0.6640000031692949,0.35980985297209656,0
2-HIP-ROTATION,2,HIP-ROTATION,0.07459647478810061,0.07459647478810061,0.03742455113867659,0.04690471902479027,0.020204647283223885,0.6175867204099021,0.06434664520066084,0.11148674522115884,0.5590921270320008,FACEON,AbsSpin,0.7629012428592908,0.676461210556812,0
2-HIP-SHIFTED,2,HIP-SHIFTED,0.0809213117775045,0.0809213117775045,0.040675613165894624,0.05097932102479222,0.04945998784655033,0.22215562251913235,-0.22846575946122896,1.1201469355955922e-08,0.5268757641282842,FACEON,AbsSpin,0.3611820443536861,0.6712592604263142,0
2-LEFT-ARM-ANGLE,2,LEFT-ARM-ANGLE,-0.7262977817546099,0.7262977817546099,-0.3424435794158351,-0.42918937931478934,-0.3282746371489489,7.646390814484386e-17,-0.38974038811162104,1.2336149259824746e-23,3.979405294817154e-08,FACEON,AbsSpin,2.4086131065625813e-15,3.7141116084960103e-07,1
2-SHOULDER-LOC,2,SHOULDER-LOC,-0.35401351912112955,0.35401351912112955,-0.17527050702072458,-0.21966900430352976,-0.1774016591777044,1.0282632750939463e-05,0.0433500381337553,0.28468552382658396,0.006231350333571328,FACEON,AbsSpin,5.182446906473489e-05,0.015861619030908835,1
2-UPPER-TILT,2,UPPER-TILT,0.1929854482568984,0.1929854482568984,0.09643580693583348,0.12086436017610827,0.052518793017431654,0.19409961505156093,0.07146781380857113,0.07704255721211661,0.13149822257570082,FACEON,AbsSpin,0.32217881632537676,0.22798082051973453,0
3-HEAD-LOC,3,HEAD-LOC,0.02341443218414038,0.02341443218414038,0.01177435368839709,0.014756963935420976,0.005313343910277794,0.8956352360292891,-0.0770519924129065,0.05676746364615899,0.8546183767349552,FACEON,AbsSpin,0.9250003257351673,0.8994996252193854,0
3-HIP-ROTATION,3,HIP-ROTATION,-0.13705353086950522,0.13705353086950522,-0.06864473543392324,-0.08603341737161825,-0.05825245137599046,0.14971393954981074,-0.09659154518442038,0.01674730682297283,0.283592485692114,FACEON,AbsSpin,0.27095160801229407,0.4174571748464415,0
3-HIP-SHIFTED,3,HIP-SHIFTED,0.05913353496553488,0.05913353496553488,0.029493383982787027,0.03696447510290151,0.036045302569608584,0.37533790268590417,-0.3274817715271171,1.220534996157045e-16,0.6477410130939942,FACEON,AbsSpin,0.537415633391181,0.74534582328624,0
3-RIGHT-LEG-ANGLE,3,RIGHT-LEG-ANGLE,-0.013200384222776041,0.013200384222776041,-0.00662704134788787,-0.008305764609882235,0.051309118314878395,0.2045848706926869,0.014250300750649062,0.724749305366607,0.917635893822436,FACEON,AbsSpin,0.33549072376726896,0.9461970144489832,0
3-SHOULDER-LOC,3,SHOULDER-LOC,0.09107452086220073,0.09107452086220073,0.04560770396326331,0.057160780147658075,0.018293777641754938,0.6520371370566647,0.05252392349816135,0.1951551313095315,0.4783453297316066,FACEON,AbsSpin,0.7861883183649736,0.6311153041485071,0
4-HEAD-LOC,4,HEAD-LOC,0.0020229993514802036,0.0020229993514802036,0.0010156361821712435,0.0012729111854843601,0.031756840392965065,0.4325382483438865,-0.12329331898625076,0.002227871136462528,0.9873640605724877,FACEON,AbsSpin,0.6022079479704939,0.9952629730570676,0
4-HIP-HANGING-BACK,4,HIP-HANGING-BACK,0.8221534446055092,0.8221534446055092,0.38153473800202503,0.47818288101490336,0.04867945530270725,0.22878278662817486,0.3174817058510324,8.03170573612352e-16,6.196526275705503e-10,FACEON,AbsSpin,0.36721823076624244,8.218550639356772e-09,0
4-HIP-ROTATION,4,HIP-ROTATION,-0.1269862210510142,0.1269862210510142,-0.06362363169218022,-0.07974039706716396,-0.042847728124476625,0.28951731386441576,0.04483017706629006,0.26776042994803767,0.3204173503089781,FACEON,AbsSpin,0.42916684172842806,0.4586680973209879,0
4-HIP-SHIFTED,4,HIP-SHIFTED,0.059356383121832494,0.059356383121832494,0.02978635283946987,0.03733165711277528,0.037805791131494466,0.3504662133908612,-0.3716226119243178,1.7721677587682796e-21,0.6424123635876795,FACEON,AbsSpin,0.5075717573246956,0.7426051175417212,0
4-RIGHT-ARMPIT-ANGLE,4,RIGHT-ARMPIT-ANGLE,0.10914990760074615,0.10914990760074615,0.054716074977263565,0.0685764303074193,0.05832689979865897,0.14919327935792373,-0.0024359424787742095,0.9520058292839682,0.39285783500573324,FACEON,AbsSpin,0.27095160801229407,0.5351360779537555,0
4-SHOULDER-HANGING-BACK,4,SHOULDER-HANGING-BACK,0.2949009573366498,0.2949009573366498,0.14645709270154392,0.18355674479297174,-0.023493718727447797,0.5615302682631589,0.19541042617038828,1.0862285515033843e-06,0.021692798803018817,FACEON,AbsSpin,0.7184577000987069,0.04837686104744019,0
5-HEAD-LOC,5,HEAD-LOC,-0.10178517449377789,0.10178517449377789,-0.05088937029638836,-0.06378036723154702,-0.02032550875728481,0.617225417840903,-0.17130579889026917,2.2032551879606594e-05,0.42913103240681627,FACEON,AbsSpin,0.7629012428592908,0.5752181923750942,0
5-HIP-HANGING-BACK,5,HIP-HANGING-BACK,0.4119375409404908,0.4119375409404908,0.20224789068285307,0.2534801406350596,0.11383769515568645,0.0048781396958856955,0.24491578673677566,8.778571643414056e-10,0.0015541361212239606,FACEON,AbsSpin,0.013812260711946014,0.004400475309533012,1
5-HIP-SHIFTED,5,HIP-SHIFTED,0.07525221244039684,0.07525221244039684,0.037676923247045684,0.04722102055607338,0.04356445721054253,0.283100062358547,-0.34349254624247166,2.6345804828275486e-18,0.5577969865322769,FACEON,AbsSpin,0.42719290846918473,0.676461210556812,0
5-LEFT-ARM-ANGLE,5,LEFT-ARM-ANGLE,0.508139968376471,0.508139968376471,0.24731809929380005,0.30996727025891824,0.14540553404358697,0.00031450289443134976,0.17964542403729072,8.03753751245947e-06,9.300255616342489e-05,FACEON,AbsSpin,0.0011162637943197204,0.0003255089465719871,1
5-RIGHT-ARM-ANGLE,5,RIGHT-ARM-ANGLE,-0.26143696389331306,0.26143696389331306,-0.1301790554505411,-0.16315525057854158,-0.08013840309254822,0.04788409169443395,-0.17580654794415077,1.2581779740802167e-05,0.04178682661763622,FACEON,AbsSpin,0.10492861832171613,0.0884897504844061,0
5-SHOULDER-ANGLE,5,SHOULDER-ANGLE,0.4550190559719328,0.4550190559719328,0.22256462320193343,0.27894338872528057,0.1399378509693195,0.0005335208751128301,0.229627689322797,9.933647014809544e-09,0.0004570094135335167,FACEON,AbsSpin,0.0017460683185510802,0.001387546653137906,1
5-SHOULDER-HANGING-BACK,5,SHOULDER-HANGING-BACK,0.42362437397468383,0.42362437397468383,0.20788358970632564,0.2605434418948329,0.04697845657208523,0.246642868727516,0.27285372760066323,7.09780363127784e-12,0.0010831659800618232,FACEON,AbsSpin,0.3860497075735033,0.003137446287075626,0
6-HEAD-LOC,6,HEAD-LOC,-0.31152912919804704,0.31152912919804704,-0.15422861525126413,-0.1932969038730023,-0.059251205806203563,0.14921698847136677,-0.11692319753369255,0.0043246511931043525,0.01801341648301972,FACEON,AbsSpin,0.27095160801229407,0.041091839446709445,0
6-HIP-SHIFTED,6,HIP-SHIFTED,-0.9896747773435806,0.9896747773435806,-0.4453620881308451,-0.5581786012787399,-0.18712424468532152,4.398066503655522e-06,-0.3680241734994689,1.722922312291451e-20,7.542796668193249e-13,FACEON,AbsSpin,2.4093755628721555e-05,1.3577034002747847e-11,1
6-LEFT-ARM-ANGLE,6,LEFT-ARM-ANGLE,-0.6981807043488623,0.6981807043488623,-0.32771348973756953,-0.410727949677094,-0.24721103386423865,1.0126162816156805e-09,-0.24456544044835044,1.5413440163894512e-09,4.0220781546327256e-07,FACEON,AbsSpin,1.2758965148357573e-08,2.815454708242908e-06,1
6-RIGHT-LEG-ANGLE,6,RIGHT-LEG-ANGLE,-0.18875941939636856,0.18875941939636856,-0.09465014178524095,-0.11862636079835903,-0.017690568196630237,0.6667260718749914,-0.08008416793225867,0.050879841411590666,0.1480875180637847,FACEON,AbsSpin,0.8000712862499898,0.2471394341196937,0
6-WEIGHT-SHIFT,6,WEIGHT-SHIFT,-0.07563654536733613,0.07563654536733613,-0.03811329578794574,-0.0477679324307197,-0.04418344933363807,0.28192309203208366,-0.24475593864207645,1.4490028474537672e-09,0.5610333055808481,FACEON,AbsSpin,0.42719290846918473,0.676461210556812,0
7-FINISH-ANGLE,7,FINISH-ANGLE,-0.7171161334532283,0.7171161334532283,-0.33737427603284464,-0.4228359497185461,-0.1984103558768394,1.8048827666126846e-06,-0.23256467322203048,1.9383125832661252e-08,2.5334974170786346e-07,FACEON,AbsSpin,1.1093425785034062e-05,1.9346707548600483e-06,1
7-HIP-SHIFTED,7,HIP-SHIFTED,-1.3400643624528006,1.3400643624528006,-0.5519112352584996,-0.6917181536927385,-0.17845633130364125,1.853002799935113e-05,-0.3438460474387683,3.0995149506804017e-17,1.8450773298873136e-18,FACEON,AbsSpin,7.91452043362116e-05,6.110025251581344e-17,1
0-SPINE-ANGLE,0,SPINE-ANGLE,-1.113576056965013,1.113576056965013,-0.4880889035583173,-0.6117633612170573,-0.34793501007532984,3.909332372004067e-15,-0.3656277702948374,1.1650968783556373e-16,7.664456777368646e-14,DTL,Distance,9.851517577450249e-14,1.4857254676129992e-12,1
1-RIGHT-ARM-ANGLE,1,RIGHT-ARM-ANGLE,0.3467131049268799,0.3467131049268799,0.1719886640068192,0.21556802954745208,0.10926373268261429,0.01310159975959053,0.08876724076221632,0.04405883636604239,0.013026528903236386,DTL,Distance,0.03439169936892514,0.031564281573226625,1
1-SHOULDER-ANGLE,1,SHOULDER-ANGLE,-0.17275504152608342,0.17275504152608342,-0.08625683694822203,-0.10811303456131759,-0.09318466764981545,0.03295405460819088,-0.1479014205239579,0.000683212044203862,0.2100835803544749,DTL,Distance,0.0770319077949078,0.3329626556561489,0
1-SPINE-ANGLE,1,SPINE-ANGLE,-0.8094041659166563,0.8094041659166563,-0.3767271373026856,-0.4721841822212913,-0.2331243509607369,1.1311220629796907e-07,-0.2851438035191984,6.385270350798663e-11,1.611187139021129e-08,DTL,Distance,9.501425329029402e-07,1.5616121501281715e-07,1
2-HIP-ANGLE,2,HIP-ANGLE,-0.20082553762877797,0.20082553762877797,-0.10021145431346352,-0.12560354410091432,-0.07177018271976235,0.10077915707241912,-0.10956173811412445,0.012088433855621923,0.14504429162026203,DTL,Distance,0.1999712408051151,0.2453098086463492,0
2-SHOULDER-ANGLE,2,SHOULDER-ANGLE,-0.3959916489574187,0.3959916489574187,-0.19470202937245634,-0.24403662336167933,-0.16679563315632295,0.00014972683049889053,-0.18069801834375154,3.911632868900578e-05,0.0046568677494413105,DTL,Distance,0.0005667081343366604,0.012352954451149582,1
3-HIP-ANGLE,3,HIP-ANGLE,-0.6312823873425801,0.6312823873425801,-0.30218505671674084,-0.37875424878310626,-0.22697913606994397,1.5455689361147434e-07,-0.2400732862373548,2.7188205370318524e-08,7.151099533863099e-06,DTL,Distance,1.2563979738739202e-06,3.217994790238395e-05,1
3-HIP-LINE,3,HIP-LINE,-0.2347021535097691,0.2347021535097691,-0.11731792954892697,-0.14704454534542036,-0.057889365027432166,0.2050221089688866,-0.045998129699324465,0.3140665264898842,0.09719207764707496,DTL,Distance,0.33549072376726896,0.1814930037767104,0
3-RIGHT-ARM-ANGLE,3,RIGHT-ARM-ANGLE,0.9000293144821251,0.9000293144821251,0.4107293206545614,0.5148020123428418,0.24906129438722072,1.359907160998403e-08,0.24331848653771865,2.9682175732508822e-08,9.603939531230872e-10,DTL,Distance,1.2692466835985096e-07,1.1524727437477049e-08,1
3-RIGHT-DISTANCE,3,RIGHT-DISTANCE,1.5448210232062882,1.5448210232062882,0.6121402176057198,0.7672474303933283,0.4223800511287964,1.9294588887117327e-23,0.42667679371776474,6.1828345606382894e-24,1.2410836119335168e-22,DTL,Distance,2.431118199776783e-21,1.042510234024154e-20,1
3-RIGHT-LEG-ANGLE,3,RIGHT-LEG-ANGLE,-1.4000992503130067,1.4000992503130067,-0.5762172044715427,-0.7222220608350488,-0.38702966778538345,4.245589476180242e-20,-0.42151820215314967,6.700331097887029e-24,6.731317959981757e-20,DTL,Distance,2.6747213699935523e-18,2.827153543192338e-18,1
4-HIP-ANGLE,4,HIP-ANGLE,-0.7616562881320318,0.7616562881320318,-0.35607873166077064,-0.4463037781654309,-0.20708531353345647,2.4560921630901833e-06,-0.17028001878933377,0.0001131662703042126,1.509831966393197e-07,DTL,Distance,1.4736552978541098e-05,1.227347275906728e-06,1
4-HIP-LINE,4,HIP-LINE,0.04144481104689458,0.04144481104689458,0.020656317904227842,0.025890321167583462,0.015455611019201721,0.730019281348943,-0.04224273016000143,0.3453844684936803,0.7693726072957023,DTL,Distance,0.836376896492027,0.8616973201711866,0
4-RIGHT-ARM-ANGLE,4,RIGHT-ARM-ANGLE,-0.3382338522558913,0.3382338522558913,-0.1670354991100679,-0.20935980644750432,-0.09545907710607474,0.0330136747692462,-0.14150610314573722,0.0015294337836918325,0.016982132905147666,DTL,Distance,0.0770319077949078,0.03999530366445993,0
4-SPINE-ANGLE,4,SPINE-ANGLE,0.17418120407567603,0.17418120407567603,0.08628764736456081,0.10815165187820905,0.02557166658582066,0.564502478648984,-0.03656905617174007,0.4098856877173146,0.21694810317401578,DTL,Distance,0.7184577000987069,0.33657085487440086,0
5-LEFT-LEG-ANGLE,5,LEFT-LEG-ANGLE,0.7362096289351836,0.7362096289351836,0.3449392337061626,0.43234169736150346,0.25453759080682076,7.79936571194451e-09,0.2814483847111409,1.4782625814365208e-10,4.503092395043704e-07,DTL,Distance,8.189333997541735e-08,3.0669710366243607e-06,1
5-SHOULDER-ANGLE,5,SHOULDER-ANGLE,-0.25379904989744545,0.25379904989744545,-0.12532358713011554,-0.15707871730654457,-0.12488738857489114,0.006202584564153226,-0.09717580350053001,0.03348045306881713,0.07797649926076997,DTL,Distance,0.01717638802380893,0.15232618460243436,1
5-SPINE-ANGLE,5,SPINE-ANGLE,0.1888842693166385,0.1888842693166385,0.09358709324245819,0.11730066861005725,0.02530354855120246,0.5716573760597964,-0.05847942745927697,0.19083743381697887,0.18131421934492475,DTL,Distance,0.7204697760288711,0.2947818275801357,0
6-HIP-ANGLE,6,HIP-ANGLE,-0.7330458012013008,0.7330458012013008,-0.3455588659512784,-0.43311833518757775,-0.20419200466336704,6.792037853799086e-06,-0.2515665658690527,2.467239526912084e-08,6.18839440568381e-07,DTL,Distance,3.641688381185893e-05,3.8986884755808e-06,1
6-SHOULDER-ANGLE,6,SHOULDER-ANGLE,0.029505987555741534,0.029505987555741534,0.014870459363257005,0.018638412257657125,0.012236427124755533,0.7872326253335181,-0.02715567701925766,0.549121879445875,0.8340410499200085,DTL,Distance,0.8700637460628831,0.8994996252193854,0
6-SPINE-ANGLE,6,SPINE-ANGLE,0.6096411844314826,0.6096411844314826,0.28944291997721605,0.3627834443988438,0.16388344225599755,0.00026548091185384456,0.12114017171517279,0.007202175641183171,3.246401898054644e-05,DTL,Distance,0.0009610744964666345,0.00013634887971829504,1
7-SHOULDER-ANGLE,7,SHOULDER-ANGLE,-0.6851608457613898,0.6851608457613898,-0.32287433636771007,-0.4046858837130619,-0.20065477652564162,9.63732739733183e-06,-0.2738447619848949,1.0970361796206387e-09,3.742389434076787e-06,DTL,Distance,5.0595968835992104e-05,1.8491806615438244e-05,1
7-SPINE-ANGLE,7,SPINE-ANGLE,0.2867369282731663,0.2867369282731663,0.14164045867303948,0.177530041044646,0.05377531448720481,0.24011262937052744,0.1062855919003771,0.019981773844769717,0.04663867789872681,DTL,Distance,0.38055586541743974,0.09713179198743105,0
0-SPINE-ANGLE,0,SPINE-ANGLE,-1.0694901048245176,1.0694901048245176,-0.47354131502571756,-0.5934998293420257,-0.3107953097245282,3.126108490280742e-12,-0.34717475279207943,4.524195017670009e-15,1.1009806023253581e-12,DTL,BallSpeed,6.564827829589557e-11,1.849647411906602e-11,1
1-RIGHT-ARM-ANGLE,1,RIGHT-ARM-ANGLE,0.3885998405351949,0.3885998405351949,0.19174875989703938,0.24032297217668835,0.15249577604570996,0.0005154399622352345,0.11675574012614005,0.007995788681002754,0.005679545516265934,DTL,BallSpeed,0.0017090904010957776,0.014604545613255259,1
1-SHOULDER-ANGLE,1,SHOULDER-ANGLE,-0.16298903695614603,0.16298903695614603,-0.08156979521939162,-0.10223323289023624,-0.06810566624266648,0.1194478856869656,-0.10070614326325412,0.021131437707791908,0.23814309925040358,DTL,BallSpeed,0.22977761216118572,0.36151843982591386,0
1-SPINE-ANGLE,1,SPINE-ANGLE,-0.7151646824848416,0.7151646824848416,-0.3383628079710445,-0.42407760931186606,-0.2268950005026944,2.486908282824898e-07,-0.29446363292948075,1.4008674089094025e-11,5.859193943171946e-07,DTL,BallSpeed,1.8990935977935584e-06,3.7859407017418723e-06,1
2-HIP-ANGLE,2,HIP-ANGLE,-0.2241167766605112,0.2241167766605112,-0.11184157699850407,-0.1401735281711381,-0.08856369125348804,0.04271792437959831,-0.10444833143341761,0.016767487657486455,0.105272536123084,DTL,BallSpeed,0.09607199374204564,0.19009835969563146,0
2-SHOULDER-ANGLE,2,SHOULDER-ANGLE,-0.3521535382954547,0.3521535382954547,-0.17424600893884526,-0.2183863863348806,-0.12224108823918743,0.005611943820535697,-0.13629312597600313,0.001995787613312106,0.011830967705483692,DTL,BallSpeed,0.01571344269749995,0.029229449625312653,1
3-HIP-ANGLE,3,HIP-ANGLE,-0.5681151200595911,0.5681151200595911,-0.2744396326412,-0.3439612763849224,-0.21005771768508907,1.2563817168298813e-06,-0.19714212527817282,5.563145572816264e-06,5.332015679810323e-05,DTL,BallSpeed,8.118158785670001e-06,0.0001975982281341473,1
3-HIP-LINE,3,HIP-LINE,-0.23042765774965832,0.23042765774965832,-0.11506618417872741,-0.14421499984516442,-0.08338345935658038,0.0676746801515339,-0.06108745659838,0.18105425215921742,0.10561019983090636,DTL,BallSpeed,0.14071528052892288,0.19009835969563146,0
3-RIGHT-ARM-ANGLE,3,RIGHT-ARM-ANGLE,0.8951238125989505,0.8951238125989505,0.41052271324673834,0.5145172185023231,0.2792343923608944,1.6235176119296652e-10,0.254596440602678,6.290993061992378e-09,1.097721126565559e-09,DTL,BallSpeed,2.406626107095739e-09,1.2573896540660039e-08,1
3-RIGHT-DISTANCE,3,RIGHT-DISTANCE,1.4822399647697586,1.4822399647697586,0.5971155077046372,0.7483781048775707,0.36750922549138254,1.0097448748381252e-17,0.3789310987516825,7.955891990330285e-19,1.8298850641355482e-21,DTL,BallSpeed,4.240928474320126e-16,9.222620723243164e-20,1
3-RIGHT-LEG-ANGLE,3,RIGHT-LEG-ANGLE,-1.652722107626507,1.652722107626507,-0.6394028220089119,-0.8013777334771504,-0.40166754068768656,1.1706070495346507e-21,-0.42984785140417237,6.914682103007591e-25,1.467469966931134e-23,DTL,BallSpeed,9.833099216091066e-20,1.849012158333229e-21,1
4-HIP-ANGLE,4,HIP-ANGLE,-0.5747948416802534,0.5747948416802534,-0.2764460057054484,-0.3464759082310649,-0.2187901357174306,6.211888393712986e-07,-0.15791236823692603,0.00034839877457163435,6.655248751745172e-05,DTL,BallSpeed,4.119462829514928e-06,0.0002430612587593889,1
4-HIP-LINE,4,HIP-LINE,0.14338220778537236,0.14338220778537236,0.07159142703090587,0.08972712280213008,0.03429111159294323,0.4437673529253368,-0.038975583174701074,0.3840035658009354,0.31256581161625224,DTL,BallSpeed,0.6144471040504663,0.4500947687274032,0
4-RIGHT-ARM-ANGLE,4,RIGHT-ARM-ANGLE,-0.23048787838292673,0.23048787838292673,-0.11466236792962087,-0.14370888798686277,-0.04947044000419627,0.27003154590124206,-0.1195595684592713,0.007502918192306109,0.10425276664985267,DTL,BallSpeed,0.41543466024445,0.19009835969563146,0
4-SPINE-ANGLE,4,SPINE-ANGLE,0.14648517328791572,0.14648517328791572,0.07247456510823673,0.09083397933512939,0.0632247975471662,0.15394336089258204,-0.049045219005747646,0.26892366793349237,0.30461998399532936,DTL,BallSpeed,0.2731952601755681,0.4411737699242701,0
5-LEFT-LEG-ANGLE,5,LEFT-LEG-ANGLE,0.8079033824538779,0.8079033824538779,0.37382353877454927,0.4685213294529072,0.2819232234855743,1.3728753239997486e-10,0.3022861180492047,5.0350403798651275e-12,5.1551954321035356e-08,DTL,BallSpeed,2.162278635299604e-09,4.6396758888931824e-07,1
5-SHOULDER-ANGLE,5,SHOULDER-ANGLE,-0.23828461885745975,0.23828461885745975,-0.1174535518604792,-0.14720714069272575,-0.09897277526462485,0.03032759066615071,-0.07364544193551308,0.10744490444318534,0.10405089260496397,DTL,BallSpeed,0.07247077078084567,0.19009835969563146,0
5-SPINE-ANGLE,5,SPINE-ANGLE,0.17690535364645113,0.17690535364645113,0.0876600672732314,0.10986630588705411,0.04769043799795493,0.2862137450022757,-0.09084996451150666,0.041885023460436724,0.2150765943640824,DTL,BallSpeed,0.42916684172842806,0.33657085487440086,0
6-HIP-ANGLE,6,HIP-ANGLE,-0.5807087697690227,0.5807087697690227,-0.27952154164277,-0.35033054561119825,-0.1955130392884758,1.6701102614104176e-05,-0.24634642639292903,4.866225733389719e-08,7.633943830574263e-05,DTL,BallSpeed,7.51549617634688e-05,0.0002748219779006735,1
6-SHOULDER-ANGLE,6,SHOULDER-ANGLE,0.09651189819925149,0.09651189819925149,0.048575276969563264,0.06088047162286512,0.0218936987120568,0.6291228953588582,-0.015486605379893202,0.7326484123984269,0.49786807284138057,DTL,BallSpeed,0.7696066486914187,0.6467152286393191,0
6-SPINE-ANGLE,6,SPINE-ANGLE,0.5236651787437315,0.5236651787437315,0.25125376433243374,0.3149019135632178,0.19544449423071458,1.289628267960015e-05,0.11151808937185546,0.013417395505980066,0.0003738775512634386,DTL,BallSpeed,6.13181742501743e-05,0.0011631746039306979,1
7-SHOULDER-ANGLE,7,SHOULDER-ANGLE,-0.5646180222981896,0.5646180222981896,-0.26979525516796726,-0.3381403751239334,-0.16222445553095152,0.00036410665707185217,-0.25623354491083494,1.281344072357458e-08,0.00014883646603481692,DTL,BallSpeed,0.0012743732997514826,0.0004871011615684917,1
7-SPINE-ANGLE,7,SPINE-ANGLE,0.18902871501072407,0.18902871501072407,0.09389609551770858,0.11768205834926167,0.04915858426314736,0.2829453325815767,0.11096721949388341,0.015107193982799175,0.19293727628546187,DTL,BallSpeed,0.42719290846918473,0.30968276193590055,0
0-SPINE-ANGLE,0,SPINE-ANGLE,1.3582657276303836,1.3582657276303836,0.562250381719591,0.7046808694610806,0.3716739790572068,3.33296302958555e-17,0.3359482407243026,3.736142648038556e-14,2.4414398411427456e-17,DTL,AbsDir,1.1998666906507981e-15,6.836031555199687e-16,1
1-RIGHT-ARM-ANGLE,1,RIGHT-ARM-ANGLE,-0.13820059890900088,0.13820059890900088,-0.06932056191548694,-0.08688099720401474,-0.057393721603475875,0.19347143871813477,-0.041310546528871755,0.349475606902089,0.3221597350230748,DTL,AbsDir,0.32217881632537676,0.4586680973209879,0
1-SHOULDER-ANGLE,1,SHOULDER-ANGLE,0.5822163286087606,0.5822163286087606,0.2805441835953087,0.3516122454440349,0.20338705487689074,2.6821316615761743e-06,0.21194355942328041,9.79314831196486e-07,3.6980873984909816e-05,DTL,AbsDir,1.571853903993479e-05,0.00014792349593963926,1
1-SPINE-ANGLE,1,SPINE-ANGLE,0.5134836295056437,0.5134836295056437,0.2500455619252619,0.31338764669839697,0.17178569592674073,0.00010293238083248536,0.14975178663784733,0.0007266365376748643,0.0002728400957673585,DTL,AbsDir,0.00041172952332994145,0.0008594463016671792,1
2-HIP-ANGLE,2,HIP-ANGLE,-0.21750970341130635,0.21750970341130635,-0.10868678410267014,-0.13621955628763902,-0.08841032693253442,0.04307990195575856,-0.02032908902051603,0.6424394290187296,0.1155540022749468,DTL,AbsDir,0.09607199374204564,0.20363362638661955,0
2-SHOULDER-ANGLE,2,SHOULDER-ANGLE,0.8309827043288367,0.8309827043288367,0.38574836077903857,0.48346697326481847,0.29685717190095684,7.089633720361895e-12,0.2506022311655762,8.998377695549142e-09,1.3316238552302585e-08,DTL,AbsDir,1.374298228870152e-10,1.3422768460721004e-07,1
3-HIP-ANGLE,3,HIP-ANGLE,0.37237756831077,0.37237756831077,0.1839204265766253,0.23051154845868416,0.17275007101422354,7.154278054369844e-05,0.17595073347376822,5.213818331565415e-05,0.007395809085374181,DTL,AbsDir,0.00029078678543567756,0.018508758529023568,1
3-HIP-LINE,3,HIP-LINE,-0.506559188592986,0.506559188592986,-0.24656406032538772,-0.3090242035524339,-0.13582603970517576,0.002835862384849289,-0.15573115992314795,0.0006091705662812908,0.0005191160725503003,DTL,AbsDir,0.008507587154547866,0.0015559160450853027,1
3-RIGHT-ARM-ANGLE,3,RIGHT-ARM-ANGLE,0.08293433041124132,0.08293433041124132,0.04163580690967016,0.05218307993688947,0.06101331258863466,0.1705798189939212,0.06439988591333344,0.14802053428810164,0.5543495134034213,DTL,AbsDir,0.2985146832393621,0.676461210556812,0
3-RIGHT-DISTANCE,3,RIGHT-DISTANCE,-0.6978020187314745,0.6978020187314745,-0.33089652369320993,-0.4147199496861728,-0.259038630783825,3.0046020121176045e-09,-0.23319377600481192,1.0280289483079883e-07,1.2611281918074155e-06,DTL,AbsDir,3.441635032061983e-08,6.9087892246841025e-06,1
3-RIGHT-LEG-ANGLE,3,RIGHT-LEG-ANGLE,0.8692266071299075,0.8692266071299075,0.4006144375828526,0.5020989569293692,0.2458409125475685,1.2636553511428939e-08,0.2123355836401026,9.80047905178559e-07,2.359569242391267e-09,DTL,AbsDir,1.224773648030805e-07,2.5852671699243447e-08,1
4-HIP-ANGLE,4,HIP-ANGLE,-0.14727329394305017,0.14727329394305017,-0.07393532498062351,-0.09266478207073475,-0.017507459969434657,0.693547521257394,-0.013048588216193728,0.769003742831305,0.28979229365924974,DTL,AbsDir,0.8131290753460553,0.42212519076376265,0
4-HIP-LINE,4,HIP-LINE,0.35216398953841366,0.35216398953841366,0.17418353024541353,0.21830808040314323,0.17114477398237504,0.00011830678855601479,0.11799653639168148,0.008198972013884474,0.01272144060507083,DTL,AbsDir,0.0004658329799393082,0.031124301286192712,1
4-RIGHT-ARM-ANGLE,4,RIGHT-ARM-ANGLE,0.09137447249218535,0.09137447249218535,0.04583738504360753,0.05744901096832141,0.0729645498906814,0.10352754513141742,0.02884084512679262,0.5203709723302841,0.517139511745482,DTL,AbsDir,0.20381985447747805,0.6648936579584769,0
4-SPINE-ANGLE,4,SPINE-ANGLE,0.4132871080942346,0.4132871080942346,0.20333423869359926,0.2548433096222828,0.1540925371298391,0.0004789879001454931,0.14691864296027735,0.0008752713830217259,0.003222350680367104,DTL,AbsDir,0.0016242146526506615,0.008731530875833443,1
5-LEFT-LEG-ANGLE,5,LEFT-LEG-ANGLE,-0.1329995150241612,0.1329995150241612,-0.06668213972624151,-0.08357420417590414,-0.0026733818869013083,0.9524510220045779,-0.01450962753283009,0.7462029339088232,0.34213171950655885,DTL,AbsDir,0.9635780008550313,0.4789844073091824,0
5-SHOULDER-ANGLE,5,SHOULDER-ANGLE,0.6756373439650152,0.6756373439650152,0.3212558723012,0.4026371075468484,0.26110582835540813,6.608854594009558e-09,0.2187747267152325,1.3361974005580805e-06,4.018407070360931e-06,DTL,AbsDir,7.241005903001776e-08,1.9473818879441433e-05,1
5-SPINE-ANGLE,5,SPINE-ANGLE,0.6217551412711725,0.6217551412711725,0.29827353032899817,0.3738328287952866,0.19364494442186847,1.2464968245313116e-05,0.18308945117047407,3.676966655300033e-05,1.4094668868207038e-05,DTL,AbsDir,6.040715380420971e-05,6.123890611703748e-05,1
6-HIP-ANGLE,6,HIP-ANGLE,0.1285212593835172,0.1285212593835172,0.06445814894692066,0.08078682722250466,0.03481927591554197,0.44755449672625713,0.015561474741755005,0.7343433853987145,0.36817789989079674,DTL,AbsDir,0.6163045528689443,0.5069990752594579,0
6-SHOULDER-ANGLE,6,SHOULDER-ANGLE,0.175605417250952,0.175605417250952,0.08789908454980665,0.1101658715392074,0.10592884459284369,0.019127246624023132,0.08523356281744222,0.059645646856421125,0.2135287150125627,DTL,AbsDir,0.04918434846177377,0.33630772614478627,1
6-SPINE-ANGLE,6,SPINE-ANGLE,0.33463035432785515,0.33463035432785515,0.16577850834425803,0.20777388010072426,0.10289529687005383,0.02259277969041175,0.09139949148353076,0.04293371477239333,0.018099976899145827,DTL,AbsDir,0.056370103782017435,0.041091839446709445,0
7-SHOULDER-ANGLE,7,SHOULDER-ANGLE,0.4619932563307034,0.4619932563307034,0.22609734534403392,0.28337281588425195,0.1948857973165743,1.7438369959801954e-05,0.1341195532970944,0.0032717730228974,0.0013228309892254508,DTL,AbsDir,7.70959514012297e-05,0.0037881069236910636,1
7-SPINE-ANGLE,7,SPINE-ANGLE,0.012707204130860019,0.012707204130860019,0.006378423521319157,0.007994219619820272,0.01214148823531426,0.790974848299264,0.005739762438308489,0.9002910776721614,0.9287563208119194,DTL,AbsDir,0.8700637460628831,0.951408914002454,0
0-SPINE-ANGLE,0,SPINE-ANGLE,0.7715814948350348,0.7715814948350348,0.3600274861988067,0.4512275382751256,0.27683408373490204,6.542565621314397e-10,0.25870990477324446,8.537126842600077e-09,2.710408861776318e-07,DTL,AbsSpin,8.67750808721699e-09,2.008891274022448e-06,1
1-RIGHT-ARM-ANGLE,1,RIGHT-ARM-ANGLE,-0.22182456904183323,0.22182456904183323,-0.11076877700615988,-0.1388280741949683,-0.061950370444537876,0.1603753978656628,-0.08141397573468909,0.06486994643472763,0.11295852487662467,DTL,AbsSpin,0.2826195822527764,0.2004616075275311,0
1-SHOULDER-ANGLE,1,SHOULDER-ANGLE,0.24308526791473792,0.24308526791473792,0.12122490754298217,0.15193289041838395,0.007275971392919391,0.8680317885447563,0.12481304949941845,0.004216743945360625,0.07996536318881534,DTL,AbsSpin,0.916624222743382,0.15500978095062665,0
1-SPINE-ANGLE,1,SPINE-ANGLE,0.216695259366994,0.216695259366994,0.1080903914894614,0.13547121576170898,0.12659322417913949,0.004343362222007435,0.08355181990905945,0.06036906680265409,0.12397853703131444,DTL,AbsSpin,0.012580773332711192,0.21696243980480026,1
2-HIP-ANGLE,2,HIP-ANGLE,-0.08228559224701745,0.08228559224701745,-0.04130484476984714,-0.05176794588967162,-0.053166171050429055,0.22437284315448924,0.036915481246566566,0.39905877518143273,0.5516810305467427,DTL,AbsSpin,0.36244843894186723,0.676461210556812,0
2-SHOULDER-ANGLE,2,SHOULDER-ANGLE,0.5521825955054247,0.5521825955054247,0.26690983023438203,0.3345218636212311,0.15368688401550873,0.00048339721805079215,0.19762460130900525,6.627515910249193e-06,0.00010970520311477585,DTL,AbsSpin,0.0016242146526506615,0.00037359069168815557,1
3-HIP-ANGLE,3,HIP-ANGLE,0.49467964031835127,0.49467964031835127,0.24118915255293377,0.3022857746617368,0.12705978159937376,0.003607272404347313,0.17842983039990357,4.064896640228597e-05,0.00042230922719955225,DTL,AbsSpin,0.010570147045296779,0.0012978283567595995,1
3-HIP-LINE,3,HIP-LINE,-0.0003699883156072938,0.0003699883156072938,-0.0001863063553998473,-0.0002335003890943546,-0.0018936453082558074,0.9669587861925513,0.01843425616058038,0.6867443495991676,0.997953704261368,DTL,AbsSpin,0.9708112116355495,0.997953704261368,0
3-RIGHT-ARM-ANGLE,3,RIGHT-ARM-ANGLE,-0.33589773320443006,0.33589773320443006,-0.16616090465362682,-0.20825181087152336,-0.10021881917674666,0.0241666384023385,-0.06537647896412827,0.14195709516106061,0.017874728176381163,DTL,AbsSpin,0.05970581252342453,0.041091839446709445,0
3-RIGHT-DISTANCE,3,RIGHT-DISTANCE,-0.9730564835276787,0.9730564835276787,-0.43835863423141375,-0.5494010734965452,-0.33057128729809176,1.918576847745146e-14,-0.29053028019477944,2.337192783405051e-11,6.447177743973765e-11,DTL,AbsSpin,4.395285142107062e-13,1.015430494675868e-09,1
3-RIGHT-LEG-ANGLE,3,RIGHT-LEG-ANGLE,0.9199244654884499,0.9199244654884499,0.4195294496283026,0.5258021902393426,0.26096366143823635,1.419715790762698e-09,0.27345388910676144,2.0949012863013811e-10,3.2489300578383175e-10,DTL,AbsSpin,1.7036589489152375e-08,4.81606102691327e-09,1
4-HIP-ANGLE,4,HIP-ANGLE,0.024259434271766613,0.024259434271766613,0.012184261339902263,0.015270706990046205,0.025118736806202326,0.5718014095467231,0.037763452711106045,0.39521893248510176,0.8623439635894581,DTL,AbsSpin,0.7204697760288711,0.9017040615126284,0
4-HIP-LINE,4,HIP-LINE,0.017245329313136333,0.017245329313136333,0.008641971749028306,0.010831105367338336,0.005915026613968187,0.8949315667257247,0.010476714296101352,0.8150461010890973,0.9033385222165261,DTL,AbsSpin,0.9250003257351673,0.9367955045208418,0
4-RIGHT-ARM-ANGLE,4,RIGHT-ARM-ANGLE,0.13124794846286908,0.13124794846286908,0.06570363066662308,0.08234728918743495,0.09479409304621454,0.03426000278463758,0.029109254917242054,0.5164946664675174,0.3540998362655393,DTL,AbsSpin,0.07920661194246487,0.4913859433040154,0
4-SPINE-ANGLE,4,SPINE-ANGLE,0.1501462378618414,0.1501462378618414,0.0750470059037937,0.09405747346242446,0.1019103451035338,0.0213459970542402,0.06885126125914358,0.12044503087847028,0.2849310875936029,DTL,AbsSpin,0.05379191257668531,0.4174571748464415,0
5-LEFT-LEG-ANGLE,5,LEFT-LEG-ANGLE,0.025712266435134665,0.025712266435134665,0.012900814319584172,0.016168772969617086,0.06608059866794808,0.14007227734078273,0.07496699325541428,0.09403743330532162,0.8550509013140897,DTL,AbsSpin,0.263419506640875,0.8994996252193854,0
5-SHOULDER-ANGLE,5,SHOULDER-ANGLE,0.3364253289702289,0.3364253289702289,0.1665271188601938,0.20871079231389955,0.10864679362232323,0.017374582513759635,0.1143785052990835,0.012245794158134735,0.02064470650284776,DTL,AbsSpin,0.04513809065430338,0.04645058963140746,1
5-SPINE-ANGLE,5,SPINE-ANGLE,0.09589551238244044,0.09589551238244044,0.04814362828732616,0.06033908995416829,0.06548417450740279,0.14289047221126802,0.04325017405334846,0.33350782664832845,0.49517535345575814,DTL,AbsSpin,0.26672888146103363,0.6465502024396428,0
6-HIP-ANGLE,6,HIP-ANGLE,0.2722362803762725,0.2722362803762725,0.13545342549839814,0.16976569312495424,0.039017145874660625,0.3946967076146069,0.0372975746671688,0.41587823387415257,0.05837347824884735,DTL,AbsSpin,0.5587841029150614,0.11959444324154092,0
6-SHOULDER-ANGLE,6,SHOULDER-ANGLE,-0.2381969900090239,0.2381969900090239,-0.11837187993129729,-0.14835715057850782,-0.08256292451225493,0.06812406438304996,-0.06784142693315665,0.13411044384991944,0.09595849689774079,DTL,AbsSpin,0.14071528052892288,0.1814930037767104,0
6-SPINE-ANGLE,6,SPINE-ANGLE,0.025774272719285934,0.025774272719285934,0.01291398645139703,0.016185281788636725,0.030054360131092007,0.5064261254064899,0.032963831496859906,0.4661447801667358,0.855626797332486,DTL,AbsSpin,0.664684289596018,0.8994996252193854,0
7-SHOULDER-ANGLE,7,SHOULDER-ANGLE,0.009335181219775189,0.009335181219775189,0.004700784306242135,0.005891559427484104,0.044060541903225274,0.33591906299069346,0.03819659473030017,0.4042282837586606,0.9478633820549593,DTL,AbsSpin,0.4921604876375276,0.9670508999103229,0
7-SPINE-ANGLE,7,SPINE-ANGLE,0.27068397718471576,0.27068397718471576,0.1349378573814117,0.169119524315186,0.07802005361625615,0.08806551027378647,0.0879619682534155,0.05437436617152914,0.059338287959229304,DTL,AbsSpin,0.17613102054757293,0.11962598852580628,0
